TMDB ID,IMDb ID,Data proiezione,Film,Selezionatore,Tema,Anno,Regista/i,Durata,Paese/i di produzione,Link IMDb,Media voti F,Media voti I,Media voti P,Pubblico
9464,tt0118789,18-Apr-2008,Buffalo '66,Valerio P,-,1998,Vincent Gallo,110,US; CA,https://www.imdb.com/title/tt0118789,,,,
145,tt0115751,22-Apr-2008,Le onde del destino,Alessandro S,-,1996,Lars von Trier,159,DK; FR; IS; NL; NO; ES; SE; GB,https://www.imdb.com/title/tt0115751,,,,
8051,tt0272338,6-May-2008,Ubriaco d'amore,Francesca O,-,2002,Paul Thomas Anderson,95,US,https://www.imdb.com/title/tt0272338,,,,
10683,tt0147612,13-May-2008,Happiness,Lorenzo B,-,1998,Todd Solondz,135,US,https://www.imdb.com/title/tt0147612,,,,
492,tt0120601,21-May-2008,Essere John Malkovich,Daniele P,-,1999,Spike Jonze,112,US,https://www.imdb.com/title/tt0120601,,,,
9504,tt0104348,29-May-2008,Americani,Silvia G,-,1992,James Foley,100,US,https://www.imdb.com/title/tt0104348,,,,
829,tt0071315,4-Jun-2008,Chinatown,Sara DT,-,1974,Roman Polanski,130,US,https://www.imdb.com/title/tt0071315,,,,
8741,tt0120863,23-Jun-2008,La sottile linea rossa,Oscar,-,1998,Terrence Malick,170,CA; US,https://www.imdb.com/title/tt0120863,,,,
1023,tt0418455,24-Jun-2008,Le mele di Adamo,Marco A,-,2005,Anders Thomas Jensen,90,DK; DE,https://www.imdb.com/title/tt0418455,,,,
86,tt0430051,6-Jul-2008,Le particelle elementari,Giorgio B,-,2006,Oskar Roehler,105,DE; IE,https://www.imdb.com/title/tt0430051,,,,
389,tt0050083,14-Oct-2008,La parola ai giurati,Giorgio B,-,1957,Sidney Lumet,96,US,https://www.imdb.com/title/tt0050083,,,,
1480,tt0052311,22-Oct-2008,L'infernale Quinlan,Andrea M,-,1958,Orson Welles,112,US,https://www.imdb.com/title/tt0052311,,,,
288,tt0044706,29-Oct-2008,Mezzogiorno di fuoco,Oscar,-,1952,Fred Zinnemann,85,US,https://www.imdb.com/title/tt0044706,,,,
598,tt0317248,8-Nov-2008,City of God,Fabio A,-,2002,Fernando Meirelles,130,BR,https://www.imdb.com/title/tt0317248,,,,
7291,tt0390808,11-Nov-2008,36,Lorenzo B,-,2004,Olivier Marchal,110,FR,https://www.imdb.com/title/tt0390808,,,,
4550,tt0451094,18-Nov-2008,Lady Vendetta,Francesca 2,-,2005,Park Chan-wook,112,KR,https://www.imdb.com/title/tt0451094,,,,
1580,tt0040746,4-Dec-2008,Nodo alla gola,Daniele P,-,1948,Alfred Hitchcock,77,US,https://www.imdb.com/title/tt0040746,,,,
10403,tt0105151,7-Dec-2008,I protagonisti,Silvia G,-,1992,Robert Altman,123,US,https://www.imdb.com/title/tt0105151,,,,
592,tt0071360,13-Jan-2009,La conversazione,Valerio P,-,1974,Francis Ford Coppola,113,US,https://www.imdb.com/title/tt0071360,,,,
10132,tt0096219,13-Jan-2009,Talk Radio,Alessandro S,-,1988,Oliver Stone,108,CA; US,https://www.imdb.com/title/tt0096219,,,,
1280,tt0423866,23-Jan-2009,Ferro 3,Paolo DC,-,2004,Kim Ki-duk,88,KR; JP,https://www.imdb.com/title/tt0423866,,,,
19223,tt0110917,28-Jan-2009,Una pura formalità,Vincenzo,-,1994,Giuseppe Tornatore,108,FR; IT,https://www.imdb.com/title/tt0110917,,,,
6172,tt0780568,3-Feb-2009,Mein Führer - La veramente vera verità su Adolf Hitler,Simone,-,2007,Dani Levy,89,DE,https://www.imdb.com/title/tt0780568,,,,
16137,tt0792986,20-Feb-2009,Peur(s) du Noir,Francesca,-,2008,Blutch; Charles Burns; Marie Caillou; Pierre Di Sciullo; Lorenzo Mattotti; Richard McGuire,85,FR,https://www.imdb.com/title/tt0792986,,,,
1548,tt0162346,25-Feb-2009,Ghost World,Marco C,-,2001,Terry Zwigoff,111,DE; US; GB,https://www.imdb.com/title/tt0162346,,,,
56231,tt0066919,3-Mar-2009,La classe operaia va in paradiso,Alessandro S,-,1971,Elio Petri,125,IT,https://www.imdb.com/title/tt0066919,,,,
13898,tt0255094,10-Mar-2009,Il cerchio,Chiara,-,2000,Jafar Panahi,90,IR; IT; CH,https://www.imdb.com/title/tt0255094,,,,
870,tt0330229,18-Mar-2009,Dolls,Andrea,-,2002,Takeshi Kitano,114,JP,https://www.imdb.com/title/tt0330229,,,,
137,tt0107048,24-Mar-2009,Ricomincio da capo,Giorgio,-,1993,Harold Ramis,102,US,https://www.imdb.com/title/tt0107048,,,,
7457,tt0426883,1-Apr-2009,Alpha Dog,Lorenzo B,-,2006,Nick Cassavetes,122,US,https://www.imdb.com/title/tt0426883,,,,
4552,tt0365376,16-Apr-2009,Two Sisters,Vincenzo,-,2003,Kim Jee-woon,115,KR,https://www.imdb.com/title/tt0365376,,,,
340,tt0404030,21-Apr-2009,Ogni cosa è illuminata,Valerio,-,2005,Liev Schreiber,106,US,https://www.imdb.com/title/tt0404030,,,,
155,tt0468569,29-Apr-2009,The Dark Knight,Paolo,-,2008,Christopher Nolan,146,GB; US,https://www.imdb.com/title/tt0468569,,,,
5544,tt0052893,5-May-2009,Hiroshima mon Amour,Simone,-,1959,Alain Resnais,92,FR; JP,https://www.imdb.com/title/tt0052893,,,,
1381,tt0414993,14-May-2009,L'albero della vita,Daniele,-,2006,Darren Aronofsky,96,CA; US,https://www.imdb.com/title/tt0414993,,,,
10778,tt0243133,22-May-2009,L'uomo che non c'era,Silvia,-,2001,Joel Coen,116,GB; US,https://www.imdb.com/title/tt0243133,,,,
42269,tt0075793,31-May-2009,C'eravamo tanto amati,Gabriella,-,1974,Ettore Scola,120,IT,https://www.imdb.com/title/tt0075793,,,,
6615,tt0805564,30-Sep-2009,Lars e una ragazza tutta sua,Daniele,-,2007,Craig Gillespie,106,US,https://www.imdb.com/title/tt0805564,,,,
406,tt0113247,5-Oct-2009,L'odio,Alessandro,Comunità,1995,Mathieu Kassovitz,98,FR,https://www.imdb.com/title/tt0113247,,,,
10139,tt1013753,12-Oct-2009,Milk,Paolo,Comunità,2008,Gus Van Sant,128,US,https://www.imdb.com/title/tt1013753,,,,
12544,tt0286516,19-Oct-2009,Respiro,Gabriella,Comunità,2002,Emanuele Crialese,91,FR; IT,https://www.imdb.com/title/tt0286516,,,,
23619,tt1320297,26-Oct-2009,Si può fare,Silvia,Pazzia,2008,Giulio Manfredonia,111,IT,https://www.imdb.com/title/tt1320297,,,,
46992,tt0150915,2-Nov-2009,Hilary and Jackie,Carmine,Pazzia,1998,Anand Tucker,114,GB,https://www.imdb.com/title/tt0150915,,,,
103,tt0075314,9-Nov-2009,Taxi Driver,Marco,Pazzia,1976,Martin Scorsese,113,US,https://www.imdb.com/title/tt0075314,,,,
153,tt0335266,16-Nov-2009,Lost in Translation,Chiara B,Città,2003,Sofia Coppola,102,JP; US,https://www.imdb.com/title/tt0335266,,,,
144,tt0093191,23-Nov-2009,Il cielo sopra Berlino,Andrea,Città,1987,Wim Wenders,130,DE; FR,https://www.imdb.com/title/tt0093191,,,,
58383,tt0057286,30-Nov-2009,Le mani sulla città,Simone,Città,1963,Francesco Rosi,105,IT; FR,https://www.imdb.com/title/tt0057286,,,,
56784,tt0084646,7-Dec-2009,Scusate il ritardo,Lorenzo,Sud,1983,Massimo Troisi,112,IT,https://www.imdb.com/title/tt0084646,,,,
2014,tt0880502,14-Dec-2009,Ai confini del paradiso,Vincenzo,Sud,2007,Fatih Akin,116,DE; TR,https://www.imdb.com/title/tt0880502,,,,
43989,tt0108245,21-Dec-2009,Sud,Alessio,Sud,1993,Gabriele Salvatores,86,IT,https://www.imdb.com/title/tt0108245,,,,
832,tt0022100,11-Jan-2010,M - Il mostro di Düsseldorf,Jan,Criminalità organizzata,1931,Fritz Lang,118,DE,https://www.imdb.com/title/tt0022100,,,,
13150,tt0482572,18-Jan-2010,Pride and Glory - Il prezzo dell'onore,Paolo,Criminalità organizzata,2008,Gavin O'Connor,130,US; DE,https://www.imdb.com/title/tt0482572,,,,
50987,tt1272011,25-Jan-2010,Fortapàsc,Francesca,Criminalità organizzata,2009,Marco Risi,105,IT,https://www.imdb.com/title/tt1272011,,,,
52999,tt0273069,1-Feb-2010,L'avversario,Lorenzo,Menzogna,2002,Nicole Garcia,129,FR; CH,https://www.imdb.com/title/tt0273069,,,,
11562,tt0097123,8-Feb-2010,Crimini e misfatti,Gabriella,Menzogna,1989,Woody Allen,99,US,https://www.imdb.com/title/tt0097123,,,,
5206,tt0469754,15-Feb-2010,Il grande capo,Daniele,Menzogna,2006,Lars von Trier,99,DK; FR; DE; IS; IT; SE,https://www.imdb.com/title/tt0469754,,,,
2011,tt0808417,22-Feb-2010,Persepolis,Chiara DC,Diritto,2007,Vincent Paronnaud; Marjane Satrapi,95,FR; US,https://www.imdb.com/title/tt0808417,,,,
3009,tt0057427,1-Mar-2010,Il processo,Alessandro,Diritto,1962,Orson Welles,130,FR; DE; IT,https://www.imdb.com/title/tt0057427,,,,
26451,tt0065889,8-Mar-2010,Indagine su un cittadino al di sopra di ogni sospetto,Simone,Diritto,1970,Elio Petri,111,IT,https://www.imdb.com/title/tt0065889,,,,
234,tt0010323,15-Mar-2010,Il gabinetto del dottor Caligari,Andrea,Il rovescio della medaglia,1920,Robert Wiene,78,DE,https://www.imdb.com/title/tt0010323,,,,
1124,tt0482571,22-Mar-2010,The Prestige,Daniele,Il rovescio della medaglia,2006,Christopher Nolan,130,US,https://www.imdb.com/title/tt0482571,,,,
15865,tt1039652,29-Mar-2010,La zona,Barbara,Il rovescio della medaglia,2007,Rodrigo Plá,97,MX,https://www.imdb.com/title/tt1039652,,,,
2440,tt0260991,11-Apr-2010,Joint Security Area,Jan,Le mura,2000,Park Chan-wook,110,KR,https://www.imdb.com/title/tt0260991,,,,
338,tt0301357,19-Apr-2010,Good Bye Lenin!,Chiara B,Le mura,2003,Wolfgang Becker,121,DE,https://www.imdb.com/title/tt0301357,,,,
278,tt0111161,26-Apr-2010,Le ali della libertà,Rosanna,Le mura,1994,Frank Darabont,142,US,https://www.imdb.com/title/tt0111161,,,,
3594,tt0481369,3-May-2010,Number 23,Stefano,Ossessione,2007,Joel Schumacher,98,DE; US,https://www.imdb.com/title/tt0481369,,,,
129564,tt0070568,10-May-2010,La proprietà non è più un furto,Alessandro,Ossessione,1973,Elio Petri,126,FR; IT,https://www.imdb.com/title/tt0070568,,,,
61222,tt1319569,17-May-2010,Home,Silvia,Ossessione,2008,Ursula Meier,98,BE; FR; CH,https://www.imdb.com/title/tt1319569,,,,
2759,tt0109045,24-May-2010,"Priscilla, la regina del deserto",Alessio,Attraversamento,1994,Stephan Elliott,102,AU,https://www.imdb.com/title/tt0109045,,,,
5915,tt0758758,31-May-2010,Into the Wild,Barbara,Attraversamento,2007,Sean Penn,148,US,https://www.imdb.com/title/tt0758758,,,,
22947,tt1193138,7-Jun-2010,Tra le nuvole,Chiara,Attraversamento,2009,Jason Reitman,109,US,https://www.imdb.com/title/tt1193138,,,,
62495,tt0396818,27-Sep-2010,Primo amore,Daniele,-,2004,Matteo Garrone,100,IT,https://www.imdb.com/title/tt0396818,,,,
8214,tt0116752,4-Oct-2010,Nuvole in viaggio,Giancarlo,La forma,1996,Aki Kaurismäki,96,FI; FR; DE,https://www.imdb.com/title/tt0116752,,,,
129,tt0245429,11-Oct-2010,La città incantata,Alessandro,La forma,2001,Hayao Miyazaki,125,JP,https://www.imdb.com/title/tt0245429,,,,
3902,tt0368794,18-Oct-2010,I'm Not There.,Anna,La forma,2007,Todd Haynes,135,US,https://www.imdb.com/title/tt0368794,,,,
4977,tt0851578,25-Oct-2010,Paprika,Federico,Sonno,2006,Satoshi Kon,90,JP,https://www.imdb.com/title/tt0851578,,,,
11561,tt0070707,8-Nov-2010,Il dormiglione,Silvia,Sonno,1973,Woody Allen,89,US,https://www.imdb.com/title/tt0070707,,,,
4553,tt0361862,15-Nov-2010,L'uomo senza sonno,Rosita,Sonno,2004,Brad Anderson,102,FR; ES; GB; US,https://www.imdb.com/title/tt0361862,,,,
851,tt0037558,22-Nov-2010,Breve incontro,Jan,Scelta,1945,David Lean,86,GB,https://www.imdb.com/title/tt0037558,,,,
37232,tt0378906,29-Nov-2010,Maghi e viaggiatori,Simone,Scelta,2003,Khyentse Norbu,108,BT; GB; AU,https://www.imdb.com/title/tt0378906,,,,
51971,tt1504429,6-Dec-2010,Il rifugio,Chiara P,Scelta,2009,François Ozon,88,FR,https://www.imdb.com/title/tt1504429,,,,
641,tt0180093,13-Dec-2010,Requiem for a Dream,Daniele,Dipendenze,2000,Darren Aronofsky,102,US,https://www.imdb.com/title/tt0180093,,,,
1902,tt0125659,20-Dec-2010,Apri gli occhi,Maurizio,Dipendenze,1997,Alejandro Amenábar,117,ES; FR; IT,https://www.imdb.com/title/tt0125659,,,,
99,tt0185125,10-Jan-2011,Tutto su mia madre,Patrizia,Dipendenze,1999,Pedro Almodóvar,101,FR; ES,https://www.imdb.com/title/tt0185125,,,,
7973,tt0825236,17-Jan-2011,Caramel,Chiara B,Pollaio,2007,Nadine Labaki,96,LB; FR,https://www.imdb.com/title/tt0825236,,,,
11820,tt0304415,24-Jan-2011,Mona Lisa Smile,Francesca,Pollaio,2003,Mike Newell,117,US,https://www.imdb.com/title/tt0304415,,,,
51242,tt0070506,31-Jan-2011,Pane e cioccolata,Valentina,Pollaio,1974,Franco Brusati,115,IT,https://www.imdb.com/title/tt0070506,,,,
8056,tt0170705,7-Feb-2011,Train de Vie - Un treno per vivere,Leonardo,Agrodolce,1998,Radu Mihăileanu,100,BE; IL; NL; RO; FR,https://www.imdb.com/title/tt0170705,,,,
18898,tt1242545,14-Feb-2011,Il mio amico Eric,Chiara DC,Agrodolce,2009,Ken Loach,111,BE; FR; IT; ES; GB,https://www.imdb.com/title/tt1242545,,,,
6037,tt0074937,21-Feb-2011,Invito a cena con delitto,Paolo,Agrodolce,1976,Robert Moore,94,US,https://www.imdb.com/title/tt0074937,,,,
10322,tt0078841,28-Feb-2011,Oltre il giardino,Lorenzo,Eccezioni,1979,Hal Ashby,130,DE; US,https://www.imdb.com/title/tt0078841,,,,
9764,tt0071411,7-Mar-2011,Dersu Uzala,Alessio,Eccezioni,1975,Akira Kurosawa,140,JP; RU; SU,https://www.imdb.com/title/tt0071411,,,,
1879,tt0061735,14-Mar-2011,Indovina chi viene a cena,Kikka,Eccezioni,1967,Stanley Kramer,108,US,https://www.imdb.com/title/tt0061735,,,,
36226,tt0074312,21-Mar-2011,Roulette cinese,Vincenzo,Il gioco,1976,Rainer Werner Fassbinder,86,DE; FR,https://www.imdb.com/title/tt0074312,,,,
247,tt0049406,28-Mar-2011,Rapina a mano armata,Silvia bis,Il gioco,1956,Stanley Kubrick,83,US,https://www.imdb.com/title/tt0049406,,,,
11934,tt0110074,4-Apr-2011,Mr. Hola Hoop,Giovanna,Il gioco,1994,Joel Coen,111,DE; GB; US,https://www.imdb.com/title/tt0110074,,,,
614,tt0050986,11-Apr-2011,Il posto delle fragole,Giancarlo,Il tempo,1957,Ingmar Bergman,95,SE,https://www.imdb.com/title/tt0050986,,,,
31011,tt0485947,18-Apr-2011,Mr. Nobody,Anna,Il tempo,2009,Jaco Van Dormael,141,BE; CA; FR; DE,https://www.imdb.com/title/tt0485947,,,,
11336,tt0085407,2-May-2011,La zona morta,Alessio,Il tempo,1983,David Cronenberg,103,US,https://www.imdb.com/title/tt0085407,,,,
2013,tt0401383,9-May-2011,Lo scafandro e la farfalla,Simone,Il guscio,2007,Julian Schnabel,112,FR; US,https://www.imdb.com/title/tt0401383,,,,
24238,tt0978762,16-May-2011,Mary and Max,Patrizia,Il guscio,2009,Adam Elliot,92,AU,https://www.imdb.com/title/tt0978762,,,,
37165,tt0120382,23-May-2011,The Truman Show,Jan,Il guscio,1998,Peter Weir,103,US,https://www.imdb.com/title/tt0120382,,,,
334,tt0175880,30-May-2011,Magnolia,Silvia bis,Specchio,1999,Paul Thomas Anderson,193,US,https://www.imdb.com/title/tt0175880,,,,
44214,tt0947798,6-Jun-2011,Il cigno nero,Daniele,Specchio,2010,Darren Aronofsky,108,US,https://www.imdb.com/title/tt0947798,,,,
10377,tt0104952,26-Sep-2011,Mio cugino Vincenzo,Paolo DC,-,1992,Jonathan Lynn,119,US,https://www.imdb.com/title/tt0104952,,,,
19413,tt0074252,3-Oct-2011,Brutti sporchi e cattivi,Jan,Fango,1976,Ettore Scola,111,IT,https://www.imdb.com/title/tt0074252,,,,
12093,tt0300140,10-Oct-2011,Lilja 4-Ever,Maurizio,Fango,2002,Lukas Moodysson,109,DK; SE,https://www.imdb.com/title/tt0300140,,,,
11104,tt0109424,17-Oct-2011,Hong Kong Express,Giancarlo,Binario,1994,Wong Kar-wai,102,HK,https://www.imdb.com/title/tt0109424,,,,
235,tt0092005,24-Oct-2011,Stand By Me,Chiara P,Binario,1986,Rob Reiner,89,US,https://www.imdb.com/title/tt0092005,,,,
16804,tt1069238,7-Nov-2011,Departures,Simone,Ponte,2008,Yojiro Takita,130,JP,https://www.imdb.com/title/tt1069238,,,,
4538,tt0838221,14-Nov-2011,Il treno per il Darjeeling,Anna,Ponte,2007,Wes Anderson,92,US,https://www.imdb.com/title/tt0838221,,,,
46738,tt1255953,21-Nov-2011,La donna che canta,Daniele,Nodo,2010,Denis Villeneuve,131,CA; FR,https://www.imdb.com/title/tt1255953,,,,
10531,tt0109579,28-Nov-2011,La morte e la fanciulla,Vincenzo,Nodo,1994,Roman Polanski,103,US; FR; GB,https://www.imdb.com/title/tt0109579,,,,
38,tt0338013,5-Dec-2011,Se mi lasci ti cancello,Valentina,Black out,2004,Michel Gondry,108,US,https://www.imdb.com/title/tt0338013,,,,
11005,tt0099077,12-Dec-2011,Risvegli,Silvia bis,Black out,1990,Penny Marshall,121,US,https://www.imdb.com/title/tt0099077,,,,
3989,tt0372588,19-Dec-2011,Team America,Daniele,-,2004,Trey Parker,94,DE; US,https://www.imdb.com/title/tt0372588,,,,
843,tt0118694,9-Jan-2012,In the Mood for Love,Chiara DC,L'astinenza,2000,Wong Kar-wai,98,CN; HK,https://www.imdb.com/title/tt0118694,,,,
269,tt0053472,16-Jan-2012,Fino all'ultimo respiro,Chiara B,L'astinenza,1960,Jean-Luc Godard,90,FR,https://www.imdb.com/title/tt0053472,,,,
11163,tt0064940,23-Jan-2012,Satyricon,Fabio,Provocazione,1969,Federico Fellini,125,IT; FR,https://www.imdb.com/title/tt0064940,,,,
363,tt0347048,30-Jan-2012,La sposa turca,Patrizia,Provocazione,2004,Fatih Akin,121,DE,https://www.imdb.com/title/tt0347048,,,,
11314,tt0085809,6-Feb-2012,Koyaanisqatsi,Jan,Equilibrio,1982,Godfrey Reggio,83,US,https://www.imdb.com/title/tt0085809,,,,
935,tt0057012,13-Feb-2012,"Il dottor Stranamore, ovvero: come imparai a non preoccuparmi e ad amare la bomba",Simone,Equilibrio,1964,Stanley Kubrick,95,GB; US,https://www.imdb.com/title/tt0057012,,,,
21042,tt0089748,20-Feb-2012,L'anno in cui i miei genitori andarono in vacanza,Giancarlo,Dominio,1985,Emir Kusturica,136,YU,https://www.imdb.com/title/tt0089748,,,,
7347,tt0861739,27-Feb-2012,Tropa de Elite,Daniele,Dominio,2007,José Padilha,115,BR,https://www.imdb.com/title/tt0861739,,,,
12560,tt0085244,5-Mar-2012,Il grande freddo,Anna,Freddo,1983,Lawrence Kasdan,103,US,https://www.imdb.com/title/tt0085244,,,,
577,tt0114681,12-Mar-2012,Da morire,Vincenzo,Freddo,1995,Gus Van Sant,102,CA; GB; US,https://www.imdb.com/title/tt0114681,,,,
63311,tt1189073,19-Mar-2012,La pelle che abito,Chiara P,Manipolazione,2011,Pedro Almodóvar,117,ES,https://www.imdb.com/title/tt1189073,,,,
13528,tt0036855,26-Mar-2012,Gaslight,Valentina,Manipolazione,1944,George Cukor,114,US,https://www.imdb.com/title/tt0036855,,,,
11030,tt0086637,2-Apr-2012,Zelig,Chiara DC,La maschera,1983,Woody Allen,79,US,https://www.imdb.com/title/tt0086637,,,,
26108,tt0368658,16-Apr-2012,Stage Beauty,Chiara B,La maschera,2004,Richard Eyre,106,GB; US; DE,https://www.imdb.com/title/tt0368658,,,,
5558,tt0071487,23-Apr-2012,Il fantasma della libertà,Vincenzo,Confusione,1974,Luis Buñuel,103,FR; IT,https://www.imdb.com/title/tt0071487,,,,
300,tt0354899,7-May-2012,L'arte del sogno,Silvia bis,Confusione,2006,Michel Gondry,105,FR; IT,https://www.imdb.com/title/tt0354899,,,,
1675,tt0070460,14-May-2012,Effetto notte,Jan,Ingranaggi,1973,François Truffaut,116,FR; IT,https://www.imdb.com/title/tt0070460,,,,
1428,tt0285823,21-May-2012,C'era una volta in Messico,Daniele,-,2003,Robert Rodriguez,102,US,https://www.imdb.com/title/tt0285823,,,,
9538,tt0081455,28-May-2012,Scanners,Fabio,Ingranaggi,1981,David Cronenberg,103,CA,https://www.imdb.com/title/tt0081455,,,,
12659,tt0276501,4-Jun-2012,Le biciclette di Pechino,Simone,Luoghi comuni,2001,Wang Xiaoshuai,108,CN; FR; TW,https://www.imdb.com/title/tt0276501,,,,
57052,tt0951279,11-Jun-2012,La giusta distanza,Daniele,Luoghi comuni,2007,Carlo Mazzacurati,106,IT,https://www.imdb.com/title/tt0951279,,,,
56812,tt1572491,15-Oct-2012,Balada Triste de Trompeta,Daniele,-,2010,Álex de la Iglesia,107,FR; ES,https://www.imdb.com/title/tt1572491,,,,
37055,tt0097270,22-Oct-2012,Elephant,Simone,Elefante,1989,Alan Clarke,39,GB,https://www.imdb.com/title/tt0097270,,,,
14784,tt0460791,29-Oct-2012,The Fall,Anna,Elefante,2006,Tarsem Singh,117,IN; US,https://www.imdb.com/title/tt0460791,,,,
11177,tt0089560,5-Nov-2012,Dietro la maschera,Federico,Elefante,1985,Peter Bogdanovich,120,US,https://www.imdb.com/title/tt0089560,,,,
74879,tt1827487,12-Nov-2012,C'era una volta in Anatolia,Vincenzo,Ruggine,2011,Nuri Bilge Ceylan,150,BA; TR,https://www.imdb.com/title/tt1827487,,,,
5488,tt0497137,19-Nov-2012,"I'm a Cyborg, but that's OK",Giancarlo,Ruggine,2006,Park Chan-wook,105,KR,https://www.imdb.com/title/tt0497137,,,,
10681,tt0910970,26-Nov-2012,Wall-E,Daniele,Ruggine,2008,Andrew Stanton,97,US,https://www.imdb.com/title/tt0910970,,,,
9693,tt0206634,3-Dec-2012,I figli degli uomini,Rosita,Apocalisse,2006,Alfonso Cuarón,109,GB; US,https://www.imdb.com/title/tt0206634,,,,
62215,tt1527186,7-Jan-2013,Melancholia,Jan,Apocalisse,2011,Lars von Trier,130,DK; FR; DE; SE,https://www.imdb.com/title/tt1527186,,,,
9675,tt0375063,14-Jan-2013,Sideways,Simone,Si è fatto tardi,2004,Alexander Payne,126,US,https://www.imdb.com/title/tt0375063,,,,
599,tt0043014,21-Jan-2013,Viale del tramonto,Chiara DC,Si è fatto tardi,1950,Billy Wilder,110,US,https://www.imdb.com/title/tt0043014,,,,
25376,tt1305806,28-Jan-2013,Il segreto dei suoi occhi,Daniele,Si è fatto tardi,2009,Juan José Campanella,130,AR; ES,https://www.imdb.com/title/tt1305806,,,,
1610,tt0119114,4-Feb-2013,Febbre a 90,Valentina,Guinzaglio,1997,David Evans,102,GB,https://www.imdb.com/title/tt0119114,,,,
77338,tt1675434,11-Feb-2013,Quasi amici,Leonardo,Guinzaglio,2011,Éric Toledano; Olivier Nakache,113,FR,https://www.imdb.com/title/tt1675434,,,,
52794,tt0094713,18-Feb-2013,Baxter,Vincenzo,Guinzaglio,1989,Jérôme Boivin,82,FR,https://www.imdb.com/title/tt0094713,,,,
46689,tt1268204,25-Feb-2013,Waste Land,Federico,Discarica,2010,Lucy Walker,90,BR; GB,https://www.imdb.com/title/tt1268204,,,,
18438,tt1499666,4-Mar-2013,Castaway on the Moon,Jan,Discarica,2009,Lee Hae-jun,116,KR,https://www.imdb.com/title/tt1499666,,,,
21145,tt1132594,11-Mar-2013,Louise Michel,Daniele,Discarica,2008,Benoît Delépine; Gustave Kervern,94,FR,https://www.imdb.com/title/tt1132594,,,,
10331,tt0063350,18-Mar-2013,La notte dei morti viventi,Paolo B,Serie B,1968,George A. Romero,96,US,https://www.imdb.com/title/tt0063350,,,,
25714,tt0362084,25-Mar-2013,Atomik Circus,Ugo,Serie B,2004,Didier Poiraud; Thierry Poiraud,92,BE; FR,https://www.imdb.com/title/tt0362084,,,,
522,tt0109707,8-Apr-2013,Ed Wood,Emiliano,Serie B,1994,Tim Burton,127,US,https://www.imdb.com/title/tt0109707,,,,
340,tt0404030,15-Apr-2013,Ogni cosa è illuminata,Maria Cristina,Fuoriposto,2005,Liev Schreiber,106,US,https://www.imdb.com/title/tt0404030,,,,
25205,tt1320082,22-Apr-2013,Il concerto,Chiara DC,Fuoriposto,2009,Radu Mihăileanu,117,BE; IT; RO; FR,https://www.imdb.com/title/tt1320082,,,,
25518,tt0115650,29-Apr-2013,Il pianeta verde,Adriana,Fuoriposto,1996,Coline Serreau,99,FR,https://www.imdb.com/title/tt0115650,,,,
12797,tt0995039,6-May-2013,Ghost Town,Anna,Shock,2008,David Koepp,102,US,https://www.imdb.com/title/tt0995039,,,,
25504,tt0057495,13-May-2013,Il corridoio della paura,Vincenzo,Shock,1963,Samuel Fuller,101,US,https://www.imdb.com/title/tt0057495,,,,
38568,tt1049402,20-May-2013,L'urlo,Simone,Shock,2010,Rob Epstein; Jeffrey Friedman,86,US,https://www.imdb.com/title/tt1049402,,,,
24188,tt0056512,27-May-2013,Il sorpasso,Jan,Vacanze,1962,Dino Risi,108,IT,https://www.imdb.com/title/tt0056512,,,,
2546,tt0054494,3-Jun-2013,Zazie nel metrò,Giorgia,Vacanze,1960,Louis Malle,93,FR,https://www.imdb.com/title/tt0054494,,,,
9709,tt0382189,10-Jun-2013,My Summer of Love,Luca,Vacanze,2005,Paweł Pawlikowski,86,GB,https://www.imdb.com/title/tt0382189,,,,
91929,tt1712502,30-Sep-2013,L'arrivo di Wang,Daniele,-,2012,Antonio Manetti; Marco Manetti,82,IT,https://www.imdb.com/title/tt1712502,,,,
41471,tt0068815,7-Oct-2013,Lupo solitario e il suo cucciolo,Vincenzo,Botte,1972,Kenji Misumi,83,JP,https://www.imdb.com/title/tt0068815,,,,
9560,tt0114887,14-Oct-2013,Il profumo del mosto selvatico,Giulia,Botte,1995,Alfonso Aráu,102,US,https://www.imdb.com/title/tt0114887,,,,
33542,tt0113326,21-Oct-2013,Terremoto nel Bronx,Federico,Botte,1995,Stanley Tong,104,HK,https://www.imdb.com/title/tt0113326,,,,
773,tt0449059,28-Oct-2013,Little Miss Sunshine,Monica,Zaino,2006,Jonathan Dayton; Valerie Faris,101,US,https://www.imdb.com/title/tt0449059,,,,
83666,tt1748122,4-Nov-2013,Moonrise Kingdom - Una fuga d'amore,Giancarlo,Zaino,2012,Wes Anderson,94,US,https://www.imdb.com/title/tt1748122,,,,
78480,tt2011971,11-Nov-2013,Monsieur Lazhar,Rosita,Zaino,2011,Philippe Falardeau,94,CA,https://www.imdb.com/title/tt2011971,,,,
1585,tt0038650,18-Nov-2013,La vita è meravigliosa,Jan,Stagioni,1946,Frank Capra,129,US,https://www.imdb.com/title/tt0038650,,,,
40827,tt1364481,25-Nov-2013,Dieci inverni,Daniele,Stagioni,2009,Valerio Mieli,99,IT,https://www.imdb.com/title/tt1364481,,,,
25647,tt0901475,2-Dec-2013,Soffio,Daniela,Stagioni,2007,Kim Ki-duk,84,KR,https://www.imdb.com/title/tt0901475,,,,
9662,tt0286244,9-Dec-2013,Appuntamento a Belleville,Giorgia,Colori,2003,Sylvain Chomet,78,BE; CA; FR; LV; GB; US,https://www.imdb.com/title/tt0286244,,,,
57965,tt0450121,16-Dec-2013,Rosso come il cielo,Silvia,Colori,2006,Cristiano Bortone,96,IT,https://www.imdb.com/title/tt0450121,,,,
11898,tt0041546,23-Dec-2013,Sangue blu,Jan,-,1949,Robert Hamer,104,GB,https://www.imdb.com/title/tt0041546,,,,
26275,tt0416220,13-Jan-2014,Kamikaze Girls,Cristina,Colori,2004,Tetsuya Nakashima,102,JP,https://www.imdb.com/title/tt0416220,,,,
74534,tt1412386,20-Jan-2014,Marigold hotel,Vincenzo,Vecchi,2011,John Madden,124,AE; GB; US,https://www.imdb.com/title/tt1412386,,,,
17631,tt1277728,27-Jan-2014,Pranzo di ferragosto,Chiara DC,Vecchi,2008,Gianni Di Gregorio,75,IT,https://www.imdb.com/title/tt1277728,,,,
85444,tt1407052,3-Feb-2014,Rughe,Monica,Vecchi,2011,Ignacio Ferreras,89,ES,https://www.imdb.com/title/tt1407052,,,,
18947,tt1131729,10-Feb-2014,I Love Radio Rock,Simone,Rock'n'Roll,2009,Richard Curtis,135,GB,https://www.imdb.com/title/tt1131729,,,,
11475,tt0097728,17-Feb-2014,Leningrad Cowboys Go America,Daniele,Rock'n'Roll,1989,Aki Kaurismäki,79,FI; SE,https://www.imdb.com/title/tt0097728,,,,
2657,tt0120789,24-Feb-2014,Pleasantville,Daniela,Rock'n'Roll,1998,Gary Ross,124,US,https://www.imdb.com/title/tt0120789,,,,
71883,tt1483797,3-Mar-2014,Redline,Federico,Impulsi,2009,Takeshi Koike,102,JP,https://www.imdb.com/title/tt1483797,,,,
483,tt0100935,10-Mar-2014,Cuore selvaggio,Jan,Impulsi,1990,David Lynch,125,US,https://www.imdb.com/title/tt0100935,,,,
34283,tt0828154,17-Mar-2014,The Pervert's Guide to Cinema,Vincenzo,Impulsi,2006,Sophie Fiennes,150,GB; AT; NL,https://www.imdb.com/title/tt0828154,,,,
126319,tt1816518,24-Mar-2014,Ernest & Célestine,Maria Cristina,Doppio,2012,Stéphane Aubier; Vincent Patar; Benjamin Renner,78,BE; FR; LU,https://www.imdb.com/title/tt1816518,,,,
43976,tt0117214,31-Mar-2014,Pane e fiore,Giulia,Doppio,1996,Mohsen Makhmalbaf,78,IR; FR,https://www.imdb.com/title/tt0117214,,,,
9540,tt0094964,7-Apr-2014,Inseparabili,Rosita,Doppio,1988,David Cronenberg,116,CA; US,https://www.imdb.com/title/tt0094964,,,,
110398,tt2059255,14-Apr-2014,No - I giorni dell'arcobaleno,Giancarlo,Mutamenti,2012,Pablo Larraín,110,MX; CL; FR; US,https://www.imdb.com/title/tt2059255,,,,
198,tt0035446,28-Apr-2014,To be or not to be - Vogliamo vivere!,Giulia I,Mutamenti,1942,Ernst Lubitsch,99,US,https://www.imdb.com/title/tt0035446,,,,
223202,tt3148468,5-May-2014,L'arbitro,Debora,Mutamenti,2013,Paolo Zucca,96,IT,https://www.imdb.com/title/tt3148468,,,,
38810,tt1379182,12-May-2014,Kynodontas,Daniela,Isola,2009,Yorgos Lanthimos,94,GR,https://www.imdb.com/title/tt1379182,,,,
84334,tt2125608,19-May-2014,Searching For Sugar Man,Daniele,Isola,2012,Malik Bendjelloul,86,FI; ZA; SE; GB; US,https://www.imdb.com/title/tt2125608,,,,
59336,tt0060545,26-May-2014,Io la conoscevo bene,Vincenzo,Isola,1965,Antonio Pietrangeli,115,IT; FR; DE,https://www.imdb.com/title/tt0060545,,,,
20713,tt0097334,9-Jun-2014,Addio al re,Alessio,Segnali,1989,John Milius,107,US,https://www.imdb.com/title/tt0097334,,,,
42725,tt0061189,16-Jun-2014,I Selvaggi,Silvia,Segnali,1966,Roger Corman,87,US,https://www.imdb.com/title/tt0061189,,,,
167,tt0272152,23-Jun-2014,K-Pax,Federico,Segnali,2001,Iain Softley,125,DE; GB; US,https://www.imdb.com/title/tt0272152,,,,
179538,tt2404738,29-Sep-2014,Las brujas de Zugarramurdi,Daniele,-,2013,Álex de la Iglesia,112,ES; FR,https://www.imdb.com/title/tt2404738,,,,
567,tt0047396,6-Oct-2014,La finestra sul cortile,Jan,Grotta,1954,Alfred Hitchcock,112,US,https://www.imdb.com/title/tt0047396,,,,
9392,tt0435625,13-Oct-2014,The Descent - Discesa nelle tenebre,Rosita,Grotta,2005,Neil Marshall,103,GB,https://www.imdb.com/title/tt0435625,,,,
62204,tt0082484,20-Oct-2014,La guerra del fuoco,Alessio,Grotta,1981,Jean-Jacques Annaud,100,CA; FR; US,https://www.imdb.com/title/tt0082484,,,,
840,tt0075860,27-Oct-2014,Incontri ravvicinati del terzo tipo,Teresa,Migrazione,1977,Steven Spielberg,135,US,https://www.imdb.com/title/tt0075860,,,,
15712,tt1314280,3-Nov-2014,Welcome,Giancarlo,Migrazione,2009,Philippe Lioret,110,FR; GB,https://www.imdb.com/title/tt1314280,,,,
1667,tt0428803,10-Nov-2014,La marcia dei pinguini,Rita,Migrazione,2005,Luc Jacquet,80,FR,https://www.imdb.com/title/tt0428803,,,,
110160,tt1650048,17-Nov-2014,Laurence Anyways,Vincenzo,Matrioska,2012,Xavier Dolan,168,CA; FR,https://www.imdb.com/title/tt1650048,,,,
24561,tt1010055,24-Nov-2014,Yattaman,Satana,Matrioska,2009,Takashi Miike,111,JP,https://www.imdb.com/title/tt1010055,,,,
587,tt0319061,1-Dec-2014,Big Fish,Paola,Matrioska,2003,Tim Burton,125,US,https://www.imdb.com/title/tt0319061,,,,
2649,tt0119174,15-Dec-2014,The Game,Federico,Verità,1997,David Fincher,123,US,https://www.imdb.com/title/tt0119174,,,,
103663,tt2106476,22-Dec-2014,Il sospetto,Daniele,Verità,2012,Thomas Vinterberg,115,DK; SE,https://www.imdb.com/title/tt2106476,,,,
11020,tt0073540,29-Dec-2014,Picnic ad Hanging Rock,Alessio,Verità,1975,Peter Weir,110,AU,https://www.imdb.com/title/tt0073540,,,,
473,tt0138704,12-Jan-2015,Pi greco - Il teorema del delirio,Rosita,Triangolo,1998,Darren Aronofsky,84,US,https://www.imdb.com/title/tt0138704,,,,
42129,tt0084151,19-Jan-2015,"Io, Chiara e lo scuro",Caterina,Triangolo,1983,Maurizio Ponzi,103,IT,https://www.imdb.com/title/tt0084151,,,,
15030,tt0460766,26-Jan-2015,Deep Water - La folle regata,Giulietta,Triangolo,2006,Louise Osmond; Jerry Rothwell,92,GB,https://www.imdb.com/title/tt0460766,,,,
10238,tt0069467,2-Feb-2015,Sussurri e grida,Vincenzo,Diario,1972,Ingmar Bergman,91,SE,https://www.imdb.com/title/tt0069467,,,,
1262,tt0420223,16-Feb-2015,Vero come la finzione,Jan,Diario,2006,Marc Forster,113,US,https://www.imdb.com/title/tt0420223,,,,
26422,tt0114134,23-Feb-2015,I racconti del cuscino,Daniela,Diario,1996,Peter Greenaway,126,GB; FR; LU,https://www.imdb.com/title/tt0114134,,,,
26963,tt0485601,2-Mar-2015,The secret of Kells,Federico,Segni,2009,Tomm Moore,71,BE; FR; IE,https://www.imdb.com/title/tt0485601,,,,
1890,tt0090830,9-Mar-2015,Figli di un dio minore,Sara,Segni,1986,Randa Haines,119,US,https://www.imdb.com/title/tt0090830,,,,
571,tt0056869,16-Mar-2015,Gli uccelli,Caterina,Segni,1963,Alfred Hitchcock,119,US,https://www.imdb.com/title/tt0056869,,,,
31175,tt1244668,23-Mar-2015,Soul Kitchen,Rosita,Lame,2009,Fatih Akin,99,FR; DE; IT,https://www.imdb.com/title/tt1244668,,,,
9696,tt0296042,30-Mar-2015,Ichi the killer,Jan,Lame,2001,Takashi Miike,129,JP,https://www.imdb.com/title/tt0296042,,,,
13885,tt0408236,13-Apr-2015,Sweeney Todd,Kikka,Lame,2007,Tim Burton,117,GB; US,https://www.imdb.com/title/tt0408236,,,,
53486,tt0772105,20-Apr-2015,L'amico di famiglia,Daniele,Gola,2006,Paolo Sorrentino,102,,https://www.imdb.com/title/tt0772105,,,,
891,tt0074119,27-Apr-2015,Tutti gli uomini del Presidente,Rosita,Gola,1976,Alan J. Pakula,138,US,https://www.imdb.com/title/tt0074119,,,,
109099,tt1829012,4-May-2015,Passion,Vincenzo,Gola,2012,Brian De Palma,94,DE; ES; FR; GB,https://www.imdb.com/title/tt1829012,,,,
49526,tt1547234,11-May-2015,Senza Freni,Federico,Catene,2012,David Koepp,91,US,https://www.imdb.com/title/tt1547234,,,,
16328,tt0067277,18-May-2015,E Johnny prese il fucile,Giulietta,Catene,1971,Dalton Trumbo,111,US,https://www.imdb.com/title/tt0067277,,,,
55347,tt1532503,25-May-2015,Beginners,Giancarlo,Catene,2010,Mike Mills,105,US,https://www.imdb.com/title/tt1532503,,,,
5850,tt0855729,8-Jun-2015,Bes Vakit,Jan,Iniziazione,2006,Reha Erdem,111,TR,https://www.imdb.com/title/tt0855729,,,,
2034,tt0139654,15-Jun-2015,Training Day,Beo,Iniziazione,2001,Antoine Fuqua,123,AU; US,https://www.imdb.com/title/tt0139654,,,,
22538,tt0446029,6-Jul-2015,Scott Pilgrim vs The World,Daniele,Film di Chiusura,2010,Edgar Wright,112,GB; CA; US; JP,https://www.imdb.com/title/tt0446029,,,,
18503,tt0366287,5-Oct-2015,Caterina va in città,Caterina,Iniziazione,2003,Paolo Virzì,102,IT,https://www.imdb.com/title/tt0366287,,,,
112198,tt2179121,12-Oct-2015,Cena tra amici,Federico,Nomi Propri,2012,Alexandre de La Patellière; Matthieu Delaporte,109,FR; BE,https://www.imdb.com/title/tt2179121,,,,
629,tt0114814,19-Oct-2015,I soliti sospetti,Kikka,Nomi Propri,1995,Bryan Singer,105,US,https://www.imdb.com/title/tt0114814,,,,
252822,tt2675914,26-Oct-2015,In ordine di sparizione,Giancarlo,Nomi Propri,2014,Hans Petter Moland,115,DK; NO; SE,https://www.imdb.com/title/tt2675914,,,,
107985,tt1213663,2-Nov-2015,La fine del mondo,Rosita,Pub,2013,Edgar Wright,109,GB,https://www.imdb.com/title/tt1213663,,,,
22494,tt0910554,9-Nov-2015,Frequently Asked Questions About Time Travel,Giulietta,Pub,2009,Gareth Carrivick,83,GB,https://www.imdb.com/title/tt0910554,,,,
990,tt0054997,16-Nov-2015,Lo spaccone,Jan,Pub,1961,Robert Rossen,134,US,https://www.imdb.com/title/tt0054997,,,,
922,tt0112817,30-Nov-2015,Dead man,Daniele,Fumo,1995,Jim Jarmusch,115,DE; JP; US,https://www.imdb.com/title/tt0112817,,,,
130739,tt1954701,14-Dec-2015,Oh Boy,Vincenzo,Fumo,2012,Jan Ole Gerster,83,DE,https://www.imdb.com/title/tt1954701,,,,
9388,tt0427944,21-Dec-2015,Thank you for Smoking,Babbo Natale,Fumo,2006,Jason Reitman,92,US,https://www.imdb.com/title/tt0427944,,,,
3176,tt0266308,11-Jan-2016,Battle Royale,Kikka,Cattivi Maestri,2000,Kinji Fukasaku,114,JP,https://www.imdb.com/title/tt0266308,,,,
174321,tt2055765,18-Jan-2016,The English Teacher,Rosita,Cattivi Maestri,2013,Craig Zisk,93,US,https://www.imdb.com/title/tt2055765,,,,
441,tt0219822,25-Jan-2016,Human Nature,Jan,Cattivi Maestri,2001,Michel Gondry,96,US,https://www.imdb.com/title/tt0219822,,,,
422,tt0056801,15-Feb-2016,8 e mezzo,Caterina,Stazione,1963,Federico Fellini,138,IT; FR,https://www.imdb.com/title/tt0056801,,,,
44826,tt0970179,22-Feb-2016,Hugo Cabret,Adriana,Stazione,2011,Martin Scorsese,125,FR; US; GB,https://www.imdb.com/title/tt0970179,,,,
30890,tt0093818,29-Feb-2016,Radio Days,Rosita,Stazione,1987,Woody Allen,88,US,https://www.imdb.com/title/tt0093818,,,,
20123,tt0097223,7-Mar-2016,Il tempo dei Gitani,Vincenzo,Famiglia Allargata,1988,Emir Kusturica,141,IT; GB; YU,https://www.imdb.com/title/tt0097223,,,,
742,tt0203166,14-Mar-2016,Together,Beo,Famiglia Allargata,2000,Lukas Moodysson,106,DK; IT; NO; SE,https://www.imdb.com/title/tt0203166,,,,
421,tt0362270,21-Mar-2016,Le avventure acquatiche con Steve Zissou,Daniele,Famiglia Allargata,2004,Wes Anderson,119,US,https://www.imdb.com/title/tt0362270,,,,
36685,tt0073629,4-Apr-2016,The Rocky Horror Picture Show,Giulietta,Cerimonia,1975,Jim Sharman,95,GB; US,https://www.imdb.com/title/tt0073629,,,,
13363,tt0756683,11-Apr-2016,The Man from Earth,Francesco,Cerimonia,2007,Richard Schenkman,87,US,https://www.imdb.com/title/tt0756683,,,,
16307,tt0070917,18-Apr-2016,The Wicker Man,Jan,Cerimonia,1973,Robin Hardy,94,GB,https://www.imdb.com/title/tt0070917,,,,
8885,tt1185616,2-May-2016,Valzer con Bashir,Serena,Metallo,2008,Ari Folman,90,IL; FR; DE,https://www.imdb.com/title/tt1185616,,,,
157834,tt2333804,9-May-2016,The Zero Theorem,Jolly,Fuori tema,2013,Terry Gilliam,107,GB; FR; US; RO,https://www.imdb.com/title/tt2333804,,,,
7345,tt0469494,16-May-2016,Il petroliere,Rosita,Metallo,2007,Paul Thomas Anderson,158,US,https://www.imdb.com/title/tt0469494,,,,
9427,tt0119164,23-May-2016,Full Monty - Squattrinati organizzati,Kikka,Metallo,1997,Peter Cattaneo,95,GB; US,https://www.imdb.com/title/tt0119164,,,,
9421,tt0119038,30-May-2016,La cena dei cretini,Daniele,Amici sfigati,1998,Francis Veber,80,FR,https://www.imdb.com/title/tt0119038,,,,
100,tt0120735,6-Jun-2016,"Lock, Stock & Two Smoking Barrels",Vincenzo,Amici sfigati,1998,Guy Ritchie,107,GB,https://www.imdb.com/title/tt0120735,,,,
58190,tt0083519,20-Jun-2016,Ad ovest di Paperino,Caterina,Amici sfigati,1982,Alessandro Benvenuti,102,IT,https://www.imdb.com/title/tt0083519,,,,
2757,tt0268126,27-Jun-2016,Il ladro di orchidee,Jan,Fuori tema,2002,Spike Jonze,114,US,https://www.imdb.com/title/tt0268126,,,,
5723,tt0907657,24-Oct-2016,Once,Daniele,Fuori tema,2007,John Carney,85,IE,https://www.imdb.com/title/tt0907657,,,,
1294,tt0461694,31-Oct-2016,Quattro minuti,Kikka,Musica,2006,Chris Kraus,112,DE,https://www.imdb.com/title/tt0461694,,,,
152603,tt1714915,7-Nov-2016,Solo gli amanti sopravvivono,Francesco,Musica,2013,Jim Jarmusch,123,FR; DE; GR; GB,https://www.imdb.com/title/tt1714915,,,,
786,tt0181875,14-Nov-2016,Almost Famous,Caterina,Musica,2000,Cameron Crowe,122,US,https://www.imdb.com/title/tt0181875,,,,
264660,tt0470752,21-Nov-2016,Ex Machina,Vincenzo,A scatola chiusa,2015,Alex Garland,108,GB,https://www.imdb.com/title/tt0470752,,,,
995,tt0031971,28-Nov-2016,Ombre rosse,Giulietta,A scatola chiusa,1939,John Ford,96,US,https://www.imdb.com/title/tt0031971,,,,
16,tt0168629,5-Dec-2016,Dancer in the Dark,Serena,A scatola chiusa,2000,Lars von Trier,140,AR; DK; FI; FR; DE; IS; IT; NL; NO; SE; GB; US,https://www.imdb.com/title/tt0168629,,,,
254320,tt3464902,12-Dec-2016,The Lobster,Rosita,Locanda,2015,Yorgos Lanthimos,118,FR; GR; IE; NL; GB,https://www.imdb.com/title/tt3464902,,,,
17431,tt1182345,9-Jan-2017,Moon,Daniele,Locanda,2009,Duncan Jones,97,GB,https://www.imdb.com/title/tt1182345,,,,
74534,tt1412386,23-Jan-2017,Marigold hotel,Adriana,Locanda,2011,John Madden,124,AE; GB; US,https://www.imdb.com/title/tt1412386,,,,
548,tt0042876,30-Jan-2017,Rashomon,Jan,Gli assenti,1950,Akira Kurosawa,88,JP,https://www.imdb.com/title/tt0042876,,,,
76696,tt1235841,6-Feb-2017,Medianeras,Caterina,Gli assenti,2011,Gustavo Taretto,95,AR,https://www.imdb.com/title/tt1235841,,,,
226163,tt2229221,13-Feb-2017,Il mundial dimenticato,Serena,Gli assenti,2011,Filippo Macelloni; Lorenzo Garzella,93,IT; AR,https://www.imdb.com/title/tt2229221,,,,
50837,tt1441326,20-Feb-2017,La fuga di Martha,Vincenzo,Calamita,2011,Sean Durkin,102,US,https://www.imdb.com/title/tt1441326,,,,
82693,tt1045658,27-Feb-2017,Il lato positivo,Chicca,Calamita,2012,David O. Russell,122,US,https://www.imdb.com/title/tt1045658,,,,
142,tt0388795,6-Mar-2017,I segreti di Brokeback Mountain,Daniele,Calamita,2005,Ang Lee,134,CA; US,https://www.imdb.com/title/tt0388795,,,,
8844,tt0113497,13-Mar-2017,Jumanji,Flavia,Regole,1995,Joe Johnston,104,US,https://www.imdb.com/title/tt0113497,,,,
14794,tt0063850,20-Mar-2017,Se...,Silvia,Regole,1968,Lindsay Anderson,111,GB,https://www.imdb.com/title/tt0063850,,,,
1443,tt0159097,27-Mar-2017,Il giardino delle vergini suicide,Rosita,Regole,1999,Sofia Coppola,95,US,https://www.imdb.com/title/tt0159097,,,,
624,tt0064276,3-Apr-2017,Easy Rider,Francesco,Pazienza,1969,Dennis Hopper,94,US,https://www.imdb.com/title/tt0064276,,,,
903,tt0061512,10-Apr-2017,Nick mano fredda,Jan,Pazienza,1967,Stuart Rosenberg,110,US,https://www.imdb.com/title/tt0061512,,,,
31032,tt0456149,24-Apr-2017,La morte del signor Lazarescu,Vincenzo,Pazienza,2005,Cristi Puiu,150,RO,https://www.imdb.com/title/tt0456149,,,,
1993,tt0465188,8-May-2017,Nuovomondo,Serena,Sponsor,2006,Emanuele Crialese,118,FR; IT,https://www.imdb.com/title/tt0465188,,,,
64690,tt0780504,15-May-2017,Drive,Daniele,Sponsor,2011,Nicolas Winding Refn,100,US,https://www.imdb.com/title/tt0780504,,,,
295144,tt3659786,29-May-2017,Marvellous,Giulietta,Sponsor,2014,Julian Farino,90,GB,https://www.imdb.com/title/tt3659786,,,,
582,tt0405094,5-Jun-2017,Le vite degli altri,Silvia,Rete,2006,Florian Henckel von Donnersmarck,137,DE,https://www.imdb.com/title/tt0405094,,,,
640,tt0264464,12-Jun-2017,Prova a prendermi,Enrico,Rete,2002,Steven Spielberg,141,US,https://www.imdb.com/title/tt0264464,,,,
152780,tt2404461,2-Oct-2017,Il passato,Vincenzo,Fuori tema,2013,Asghar Farhadi,130,FR; IT; IR,https://www.imdb.com/title/tt2404461,4.3,-,4.3,6
283707,tt3894190,9-Oct-2017,Anime nere,Rosita,Aggiustare,2014,Francesco Munzi,103,FR; IT,https://www.imdb.com/title/tt3894190,4.07,?,?,?
334541,tt4034228,16-Oct-2017,Manchester by the Sea,Daniele,Aggiustare,2016,Kenneth Lonergan,135,US,https://www.imdb.com/title/tt4034228,4.75,?,?,?
392,tt0241303,23-Oct-2017,Chocolat,Francesco,Aggiustare,2000,Lasse Hallström,121,GB; US,https://www.imdb.com/title/tt0241303,3.8,?,?,?
15764,tt0084707,30-Oct-2017,La scelta di Sophie,Adriana,Verità,1982,Alan J. Pakula,150,GB; US,https://www.imdb.com/title/tt0084707,4.3,5,4.6,5
1052,tt0060176,6-Nov-2017,Blow-Up,Silvia,Verità,1966,Michelangelo Antonioni,111,GB; US; IT,https://www.imdb.com/title/tt0060176,3.79,4.71,4.71,7
892,tt0101700,13-Nov-2017,Delicatessen,Serena,Verità,1991,Jean-Pierre Jeunet; Marc Caro,97,FR,https://www.imdb.com/title/tt0101700,3,2.64,4.07,7
336199,tt4357368,20-Nov-2017,Il condominio dei cuori infranti,John,Condominio,2015,Samuel Benchetrit,100,FR,https://www.imdb.com/title/tt4357368,4.56,4.56,4.56,8
11482,tt0074811,27-Nov-2017,L'inquilino del terzo piano,Vincenzo,Condominio,1976,Roman Polanski,125,FR,https://www.imdb.com/title/tt0074811,3.75,5,4.88,4
42229,tt0076085,11-Dec-2017,Una giornata particolare,Alessandra,Condominio,1977,Ettore Scola,103,IT; CA,https://www.imdb.com/title/tt0076085,4.7,4.8,4.7,8
198277,tt1980929,18-Dec-2017,Tutto può cambiare,Mimma,Inversione,2013,John Carney,104,US,https://www.imdb.com/title/tt1980929,3.25,3.19,4.06,8
137,tt0107048,8-Jan-2018,Ricomincio da capo,Rosita,Inversione,1993,Harold Ramis,102,US,https://www.imdb.com/title/tt0107048,3.5,3.57,2.86,7
12163,tt1125849,15-Jan-2018,The Wrestler,Daniele,Inversione,2008,Darren Aronofsky,109,US; FR,https://www.imdb.com/title/tt1125849,4.11,4.33,4.56,9
547290,tt4264066,22-Jan-2018,Sei personaggi in cerca d'autore,Jessica,Realtà,1965,Giorgio De Lullo,133,,https://www.imdb.com/title/tt4264066,3.5,5,4.6,10
62320,tt1014762,5-Feb-2018,Home,Adriana,Realtà,2009,Yann Arthus-Bertrand,90,FR,https://www.imdb.com/title/tt1014762,3.5,3.83,4.67,9
194662,tt2562232,12-Feb-2018,Birdman,Silvia,Realtà,2014,Alejandro González Iñárritu,119,US,https://www.imdb.com/title/tt2562232,4.11,4.61,4.56,9
72996,tt0332605,19-Feb-2018,La casa dei matti,Francesco,Equilibrio,2002,Andrei Konchalovsky,104,FR; RU,https://www.imdb.com/title/tt0332605,3.3,4.7,4.75,6
20719,tt0330243,5-Mar-2018,Dzien swira,Vincenzo,Equilibrio,2002,Marek Koterski,93,PL,https://www.imdb.com/title/tt0330243,4.1,4.7,4.8,6
413923,tt5450328,12-Mar-2018,Orecchie,Caterina,Equilibrio,2017,Alessandro Aronadio,90,IT,https://www.imdb.com/title/tt5450328,3.72,4.94,4.56,10
317557,tt4341582,19-Mar-2018,Queen of Katwe,John,Fame,2016,Mira Nair,124,US,https://www.imdb.com/title/tt4341582,3.88,5,4.75,5
283698,tt3344922,26-Mar-2018,Hungry Hearts,Luciano,Fame,2015,Saverio Costanzo,109,IT,https://www.imdb.com/title/tt3344922,4.31,4.69,4.12,9
596,tt0032551,9-Apr-2018,Furore,Alessandra,Fame,1940,John Ford,129,US,https://www.imdb.com/title/tt0032551,4.17,4.33,4.25,6
377151,tt3652526,16-Apr-2018,Fuocoammare,Mimma,Straniero,2016,Gianfranco Rosi,106,FR; IT,https://www.imdb.com/title/tt3652526,3.54,3.85,3.41,13
10557,tt0166175,23-Apr-2018,East is East,Rosita,Straniero,1999,Damien O'Donnell,100,GB,https://www.imdb.com/title/tt0166175,3.45,4.8,4.15,8
31332,tt0062310,30-Apr-2018,Lo straniero,Jessica,Straniero,1967,Luchino Visconti,104,DZ; FR; IT,https://www.imdb.com/title/tt0062310,3.5,4.75,4.54,13
1523,tt0455590,7-Mag-2018,L'ultimo re di Scozia,Serena,Incrocio,2006,Kevin Macdonald,121,DE; GB; US,https://www.imdb.com/title/tt0455590,3.5,3.71,4.07,8
1245,tt0107943,14-Mag-2018,Quel che resta del giorno,Daniele,Incrocio,1993,James Ivory,134,GB; US,https://www.imdb.com/title/tt0107943,3.79,4.14,4.07,8
24803,tt1135503,21-Mag-2018,Julie & Julia,Silvia,Incrocio,2009,Nora Ephron,118,US,https://www.imdb.com/title/tt1135503,3.5,4.75,4.33,7
207,tt0097165,28-Mag-2018,L'attimo fuggente,Adriana,Perle,1989,Peter Weir,130,US,https://www.imdb.com/title/tt0097165,4.88,4.25,4.38,5
73,tt0120586,11-Giu-2018,American History X,Francesco,Perle,1998,Tony Kaye,119,US,https://www.imdb.com/title/tt0120586,4.12,4.94,4.81,9
371865,tt4726636,18-Giu-2018,Ma Loute,Vincenzo,Perle,2016,Bruno Dumont,122,BE; FR; DE,https://www.imdb.com/title/tt4726636,-,-,-,
377263,tt5029608,8-Ott-2018,Frantz,Vincenzo,-,2016,François Ozon,113,FR; DE,https://www.imdb.com/title/tt5029608,,,,
334533,tt3553976,15-Ott-2018,Captain Fantastic,Alessandra,A fin di bene,2016,Matt Ross,119,US,https://www.imdb.com/title/tt3553976,,,,
2469,tt0101026,22-Ott-2018,Legami!,Giulietta,A fin di bene,1989,Pedro Almodóvar,102,ES,https://www.imdb.com/title/tt0101026,,,,
11615,tt0289992,5-Nov-2018,The Life of David Gale,Francesco,A fin di bene,2003,Alan Parker,130,DE; GB; US,https://www.imdb.com/title/tt0289992,,,,
265189,tt2121382,12-Nov-2018,Forza maggiore,Daniele,Cartolina,2014,Ruben Östlund,120,DK; FR; NO; SE,https://www.imdb.com/title/tt2121382,,,,
371645,tt4698684,19-Nov-2018,Hunt for the Wilderpeople,Vincenzo,Cartolina,2016,Taika Waititi,101,NZ,https://www.imdb.com/title/tt4698684,,,,
85350,tt1065073,26-Nov-2018,Boyhood,Jessica,Cartolina,2014,Richard Linklater,165,US,https://www.imdb.com/title/tt1065073,,,,
3558,tt0172493,3-Dic-2018,Ragazze interrotte,Adriana,Mente,1999,James Mangold,127,DE; US,https://www.imdb.com/title/tt0172493,,,,
181886,tt2316411,10-Dic-2018,Enemy,Luciano,Mente,2013,Denis Villeneuve,91,CA; ES,https://www.imdb.com/title/tt2316411,,,,
334543,tt3741834,17-Dic-2018,Lion,John,Mente,2016,Garth Davis,118,AU; GB; US,https://www.imdb.com/title/tt3741834,,,,
10843,tt0088680,07-Gen-2019,Fuori orario,Alessandra,Ore piccole,1985,Martin Scorsese,97,US,https://www.imdb.com/title/tt0088680,,,,
339,tt0102536,21-Gen-2019,Taxisti di notte,Francesco,Ore piccole,1991,Jim Jarmusch,128,DE; FI; FR; GB; US,https://www.imdb.com/title/tt0102536,,,,
345,tt0120663,28-Gen-2019,Eyes Wide Shut,Daniele,Ore piccole,1999,Stanley Kubrick,160,GB; US,https://www.imdb.com/title/tt0120663,,,,
412094,tt5996202,11-Feb-2019,Il prigioniero coreano,Vincenzo,Resistenza,2016,Kim Ki-duk,114,KR,https://www.imdb.com/title/tt5996202,,,,
227306,tt1809398,18-Feb-2019,Unbroken,Adriana,Resistenza,2014,Angelina Jolie,137,US,https://www.imdb.com/title/tt1809398,,,,
8342,tt0283509,25-Feb-2019,No Man's Land,Serena,Resistenza,2001,Danis Tanović,88,BE; BA; FR; IT; GB; SI,https://www.imdb.com/title/tt0283509,,,,
436343,tt5607714,4-Mar-2019,Corpo e anima,Luciano,In sogno,2017,Ildikó Enyedi,116,HU,https://www.imdb.com/title/tt5607714,,,,
1018,tt0166924,11-Mar-2019,Mulholland Drive,Alessandra,In sogno,2001,David Lynch,145,FR; US,https://www.imdb.com/title/tt0166924,,,,
5781,tt0075824,18-Mar-2019,Quell'oscuro oggetto del desiderio,Jessica,In sogno,1977,Luis Buñuel,100,FR; ES,https://www.imdb.com/title/tt0075824,,,,
515042,tt7775622,25-Mar-2019,Free Solo,Francesco,Tracce,2018,Elizabeth Chai Vasarhelyi; Jimmy Chin,100,US,https://www.imdb.com/title/tt7775622,,,,
76341,tt1392190,8-Apr-2019,Mad Max: Fury Road,Daniele,Tracce,2015,George Miller,120,AU; US; ZA,https://www.imdb.com/title/tt1392190,,,,
254578,tt2764784,15-Apr-2019,Phoenix - Il segreto del suo volto,Vincenzo,Tracce,2014,Christian Petzold,98,DE; PL,https://www.imdb.com/title/tt2764784,,,,
429199,tt5222918,29-Apr-2019,L'altro volto della speranza,Caterina,Rifugio,2017,Aki Kaurismäki,98,FI; DE,https://www.imdb.com/title/tt5222918,,,,
452230,tt6777306,6-May-2019,Sea Sorrow - Il dolore del mare,Adriana,Rifugio,2017,Vanessa Redgrave,74,GB,https://www.imdb.com/title/tt6777306,,,,
11902,tt0114787,13-May-2019,Underground,Serena,Rifugio,1995,Emir Kusturica,172,BG; CZ; FR; DE; HU; RS; YU,https://www.imdb.com/title/tt0114787,,,,
395834,tt5362988,20-May-2019,Wind River,Luciano,Frontiera,2017,Taylor Sheridan,111,US,https://www.imdb.com/title/tt5362988,,,,
309302,tt2909116,3-Jun-2019,L'ultimo lupo,Giulietta,Frontiera,2015,Jean-Jacques Annaud,121,CN,https://www.imdb.com/title/tt2909116,,,,
24559,tt0069280,10-Jun-2019,Mattatoio 5,John,Frontiera,1972,George Roy Hill,100,US,https://www.imdb.com/title/tt0069280,,,,
126314,tt2243299,17-Jun-2019,Final Cut: Ladies and Gentlemen,Vincenzo,-,2012,György Pálfi,84,HU,https://www.imdb.com/title/tt2243299,,,,
408537,tt4562518,7-Oct-2019,Il cittadino illustre,Vincenzo,-,2016,Gastón Duprat; Mariano Cohn,118,AR; ES,https://www.imdb.com/title/tt4562518,,,,
515916,tt8254556,14-Oct-2019,Girl,Daniele,Danze sfrenate,2018,Lukas Dhont,105,BE; NL,https://www.imdb.com/title/tt8254556,,,,
57276,tt1440266,21-Oct-2019,Pina,Jessica,Danze sfrenate,2011,Wim Wenders,106,FR; DE; GB,https://www.imdb.com/title/tt1440266,,,,
71,tt0249462,28-Oct-2019,Billy Elliot,John,Danze sfrenate,2000,Stephen Daldry,110,FR; GB,https://www.imdb.com/title/tt0249462,,,,
37550,tt0075040,4-Nov-2019,Pasqualino Settebellezze,Jolly,Fuori tema,1975,Lina Wertmüller,116,IT,https://www.imdb.com/title/tt0075040,,,,
39452,tt1587707,11-Nov-2019,Exit Through the Gift Shop,Francesco,Quadro,2010,Banksy,87,GB; US,https://www.imdb.com/title/tt1587707,,,,
339877,tt3262342,18-Nov-2019,Loving Vincent,Serena,Quadro,2017,Dorota Kobiela; Hugh Welchman,88,GB; PL,https://www.imdb.com/title/tt3262342,,,,
310131,tt4263482,25-Nov-2019,The Witch,Vincenzo,Quadro,2015,Robert Eggers,87,GB; US,https://www.imdb.com/title/tt4263482,,,,
31522,tt0055572,2-Dic-2019,La donna è donna,Jolly,Fuori tema,1961,Jean-Luc Godard,85,FR; IT,https://www.imdb.com/title/tt0055572,,,,
13777,tt0172543,16-Dic-2019,E morì con un felafel in mano,Giuliano,Dissonanze,2001,Richard Lowenstein,107,AU,https://www.imdb.com/title/tt0172543,,,,
472451,tt7008872,23-Dic-2019,A boy erased - Vite cancellate,Adriana,Dissonanze,2018,Joel Edgerton,115,AU; US,https://www.imdb.com/title/tt7008872,,,,
41327,tt0298506,13-Jan-2020,Paz!,Alessandra,Dissonanze,2002,James Moll,90,US,https://www.imdb.com/title/tt0309992,,,,
56482,tt0309992,20-Jan-2020,Bianca,Jolly,Fuori tema,2002,Renato De Maria,102,IT,https://www.imdb.com/title/tt0085240,,,,
485166,tt7491144,27-Jan-2020,Amanda - Quel giorno d'estate,Giulietta,Viaggio,2018,Mikhaël Hers,107,FR,https://www.imdb.com/title/tt7491144,,,,
87827,tt0454876,3-Feb-2020,Vita di Pi,Adriana,Viaggio,2012,Ang Lee,127,CA; TW; GB; US,https://www.imdb.com/title/tt0454876,,,,
329865,tt2543164,10-Feb-2020,Arrival,Caterina,Viaggio,2016,Denis Villeneuve,116,US,https://www.imdb.com/title/tt2543164,,,,
14574,tt0914798,17-Feb-2020,Il bambino con il pigiama a righe,Jolly,Fuori tema,2008,Mark Herman,94,GB; US,https://www.imdb.com/title/tt0914798,,,,
546,tt0407265,2-Mar-2020,Transamerica,John,Donne,2005,Duncan Tucker,103,US,https://www.imdb.com/title/tt0407265,,,,
452008,tt6777056,20-Apr-2020,Tesnota,Jolly,Fuori tema,2017,Kantemir Balagov,118,RU,https://www.imdb.com/title/tt6777056,,,,
337674,tt3716530,27-Apr-2020,Elle,Daniele,Donne,2016,Paul Verhoeven,130,BE; FR; DE,https://www.imdb.com/title/tt3716530,,,,
158693,tt0045098,4-Mag-2020,Roma ore 11,Alessandra,Donne,1952,Giuseppe De Santis,107,IT,https://www.imdb.com/title/tt0045098,,,,
7862,tt0813547,11-Mag-2020,Il falsario - Operazione Bernhard,Jolly,Fuori tema,2007,Stefan Ruzowitzky,98,AT; DE,https://www.imdb.com/title/tt0813547,,,,
11936,tt0080539,18-Mag-2020,La città delle donne,Jolly,Fuori tema,1980,Federico Fellini,149,FR; IT,https://www.imdb.com/title/tt0080539,,,,
597613,tt10011232,1-Giu-2020,Leftover Women,Adriana,Fuori tema,2020,Hilla Medalia; Shosh Shlam,85,IL,https://www.imdb.com/title/tt10011232,,,,
394117,tt5649144,8-Giu-2020,Un sogno chiamato Florida,Jolly,Fuori tema,2017,Sean Baker,115,US,https://www.imdb.com/title/tt5649144,,,,
531428,tt8613070,19-Ott-2020,Ritratto della giovane in fiamme,Jolly,-,2019,Céline Sciamma,122,FR,https://www.imdb.com/title/tt8613070,,,,
423612,tt5311542,2-Nov-2020,Opera senza autore,Caterina,-,2018,Florian Henckel von Donnersmarck,189,DE; IT,https://www.imdb.com/title/tt5311542,,,,
56693,tt0062893,16-Nov-2020,Dillinger è morto,Jolly,-,1969,Marco Ferreri,95,IT,https://www.imdb.com/title/tt0062893,,,,
517814,tt8267604,30-Nov-2020,Cafarnao,Serena,-,2018,Nadine Labaki,126,LB,https://www.imdb.com/title/tt8267604,,,,
389015,tt5580036,14-Dic-2020,Tonya,Giuliano,-,2017,Craig Gillespie,119,US,https://www.imdb.com/title/tt5580036,,,,
123377,tt2299842,28-Dic-2020,Pietà,Daniele,-,2012,Kim Ki-duk,104,KR,https://www.imdb.com/title/tt2299842,,,,
28384,tt0104466,11-Gen-2021,Mariti e mogli,Jolly,-,1992,Woody Allen,108,US,https://www.imdb.com/title/tt0104466,,,,
169607,tt2714900,25-Gen-2021,Alla ricerca di Vivian Maier,Adriana,-,2014,Charlie Siskel; John Maloof,83,US,https://www.imdb.com/title/tt2714900,,,,
401246,tt4995790,8-Feb-2021,The Square,Jolly,-,2017,Ruben Östlund,142,DK; FR; DE; SE,https://www.imdb.com/title/tt4995790,,,,
502033,tt5363618,22-Feb-2021,Sound of Metal,Jolly,-,2020,Darius Marder,140,US,https://www.imdb.com/title/tt5363618,,,,
78101,tt0066511,8-Mar-2021,Uomini contro,Roberto,-,1970,Francesco Rosi,101,IT; YU,https://www.imdb.com/title/tt0066511,,,,
530915,tt8579674,22-Mar-2021,1917,Jolly,-,2019,Sam Mendes,119,CA; CN; IN; ES; GB; US,https://www.imdb.com/title/tt8579674,,,,
18727,tt0035979,5-Apr-2021,Il cielo può attendere,Jessica,-,1943,Ernst Lubitsch,112,US,https://www.imdb.com/title/tt0035979,,,,
110415,tt1706620,19-Apr-2021,Snowpiercer,Serena,-,2013,Bong Joon-ho,136,CZ; KR,https://www.imdb.com/title/tt1706620,,,,
245168,tt3077214,3-Mag-2021,Suffragette,Adriana,-,2015,Sarah Gavron,106,GB,https://www.imdb.com/title/tt3077214,,,,
55717,tt0483206,17-Mag-2021,Il vento fa il suo giro,Jolly,-,2006,Giorgio Diritti,110,IT,https://www.imdb.com/title/tt0483206,,,,
300668,tt2798920,31-Mag-2021,Annientamento,Jolly,-,2018,Alex Garland,115,GB; US,https://www.imdb.com/title/tt2798920,,,,
487558,tt7349662,21-Giu-2021,BlacKkKlansman,Jolly,-,2018,Spike Lee,135,US,https://www.imdb.com/title/tt7349662,,,,
440298,tt6543652,31-Mag-2021,Cold War,Jolly,-,2018,Paweł Pawlikowski,84,FR; PL; GB,https://www.imdb.com/title/tt6543652,,,,
491584,tt7282468,4-Ott-2021,Burning - L'amore brucia,Jolly,-,2018,Lee Chang-dong,148,KR,https://www.imdb.com/title/tt7282468,,,,
574434,tt8054608,18-Ott-2021,Dio è donna e si chiama Petrunya,Jolly,-,2019,Teona Strugar Mitevska,100,BE; HR; FR; MK; SI,https://www.imdb.com/title/tt8054608,,,,
103328,tt2076220,1-Nov-2021,Holy Motors,Anna,-,2012,Leos Carax,110,BE; FR; DE,https://www.imdb.com/title/tt2076220,,,,
11156,tt1035736,15-Nov-2021,Coco avant Chanel - L'amore prima del mito,Adriana,-,2009,Anne Fontaine,110,BE; FR,https://www.imdb.com/title/tt1035736,,,,
1887,tt0422720,29-Nov-2021,Marie Antoinette,Serena,-,2006,Sofia Coppola,123,FR; US; JP,https://www.imdb.com/title/tt0422720,,,,
615761,tt11617052,13-Dic-2021,Undine - Un amore per sempre,Jolly,-,2020,Christian Petzold,90,FR; DE,https://www.imdb.com/title/tt11617052,,,,
8321,tt0780536,10-Jan-2022,In Bruges - La coscienza dell'assassino,Jolly,-,2008,Martin McDonagh,107,GB; US,https://www.imdb.com/title/tt0780536,,,,
377273,tt5221584,24-Jan-2022,Aquarius,Jolly,-,2016,Kleber Mendonça Filho,142,BR; FR,https://www.imdb.com/title/tt5221584,,,,
284290,tt3480158,7-Feb-2022,Ritorno a L'Avana,Daniele,-,2014,Laurent Cantet,95,FR,https://www.imdb.com/title/tt3480158,,,,
41050,tt0054130,21-Feb-2022,La notte,Jolly,-,1961,Michelangelo Antonioni,115,IT; FR,https://www.imdb.com/title/tt0054130,,,,
766798,tt12618926,7-Mar-2022,Madres paralelas,Adriana,-,2021,Pedro Almodóvar,120,ES,https://www.imdb.com/title/tt12618926,,,,
177945,tt2331143,28-Mar-2022,Father And Son,Jolly,-,2013,Hirokazu Kore-eda,121,JP,https://www.imdb.com/title/tt2331143,,,,
504582,tt7921248,19-Apr-2022,La Gomera - L'isola dei fischi,Jolly,-,2019,Corneliu Porumboiu,97,FR; RO; SE; DE,https://www.imdb.com/title/tt7921248,,,,
793998,tt13880104,2-Mag-2022,La scelta di Anne - L'événement,Jolly,-,2021,Audrey Diwan,100,FR,https://www.imdb.com/title/tt13880104,,,,
597208,tt7740496,19-Mag-2022,La fiera delle illusioni - Nightmare Alley,Jolly,-,2021,Guillermo del Toro,150,US,https://www.imdb.com/title/tt7740496,,,,
266082,tt3655522,8-Giu-2022,Diamante nero,Jolly,-,2014,Céline Sciamma,113,FR,https://www.imdb.com/title/tt3655522,,,,
18533,tt1172570,22-Giu-2022,Bronson,Jolly,-,2008,Nicolas Winding Refn,92,GB,https://www.imdb.com/title/tt1172570,,,,
497828,tt7322224,8-Nov-2022,Triangle of Sadness,Jolly,-,2022,Ruben Östlund,147,DK; FR; DE; GR; MX; SE; TR; GB; US,https://www.imdb.com/title/tt7322224,,,,
473033,tt5727208,11-Gen-2023,Diamanti grezzi,Vincenzo,-,2019,Josh Safdie; Benny Safdie,135,US,https://www.imdb.com/title/tt5727208,,,,
94794,tt0106438,18-Gen-2023,Blue,Giuliano,Apnea,1993,Derek Jarman,79,GB,https://www.imdb.com/title/tt0106438,,,,
25364,tt0043338,25-Gen-2023,L'asso nella manica,Francesco,Apnea,1951,Billy Wilder,111,US,https://www.imdb.com/title/tt0043338,,,,
166990,tt2184141,1-Feb-2023,Come un uomo sulla terra,Alessandra,Apnea,2008,Andrea Segre; Dagmawi Yimer,60,IT,https://www.imdb.com/title/tt2184141,,,,
473760,tt7340764,1-Feb-2023,L'ordine delle cose,Alessandra,Apnea,2017,Andrea Segre,115,FR; IT,https://www.imdb.com/title/tt7340764,,,,
314405,tt3278330,15-Feb-2023,Il racconto dei racconti - Tale of Tales,Adriana,Fantasia,2015,Matteo Garrone,125,GB; IT; FR,https://www.imdb.com/title/tt3278330,,,,
539136,tt6256546,22-Feb-2023,Ricordi?,Daniele,Fantasia,2018,Valerio Mieli,106,FR; IT,https://www.imdb.com/title/tt6256546,,,,
27327,tt0071994,1-Mar-2023,Il fantasma del palcoscenico,Jessica,Fantasia,1974,Brian De Palma,92,US,https://www.imdb.com/title/tt0071994,,,,
545611,tt6710474,8-Mar-2023,Everything Everywhere All at Once,Alessandra,-,2022,Daniel Scheinert; Daniel Kwan,140,US,https://www.imdb.com/title/tt6710474,,,,
1850,tt0125664,15-Mar-2023,Man on the Moon,Vincenzo,Stella cadente,1999,Miloš Forman,118,US,https://www.imdb.com/title/tt0125664,,,,
541524,tt8893974,22-Mar-2023,Passing,Adriana,Stella cadente,2021,Rebecca Hall,99,CA; GB; US,https://www.imdb.com/title/tt8893974,,,,
76726,tt1706593,11-Apr-2023,Chronicle,Giuliano,Stella cadente,2012,Josh Trank,84,US,https://www.imdb.com/title/tt1706593,,,,
445,tt0387898,19-Apr-2023,Niente da nascondere,Daniele,L'altro tema,2005,Michael Haneke,117,AT; FR; DE; IT,https://www.imdb.com/title/tt0387898,,,,
137182,tt2024519,26-Apr-2023,Alabama Monroe - Una storia d'amore,Francesco,L'altro tema,2012,Felix van Groeningen,111,BE; NL,https://www.imdb.com/title/tt2024519,,,,
203833,tt0816442,3-Mag-2023,Storia di una ladra di libri,Adriana,L'altro tema,2013,Brian Percival,131,DE; US,https://www.imdb.com/title/tt0816442,,,,
795811,tt14034966,10-Mag-2023,Il gioco del destino e della fantasia,Vincenzo,Parole,2021,Ryusuke Hamaguchi,121,JP,https://www.imdb.com/title/tt14034966,,,,
655,tt0087884,17-Mag-2023,"Paris, Texas",Francesco,Parole,1984,Wim Wenders,147,FR; DE; GB; US,https://www.imdb.com/title/tt0087884,,,,
396,tt0061184,24-Mag-2023,Chi ha paura di Virginia Woolf?,Giuliano,Parole,1966,Mike Nichols,131,US,https://www.imdb.com/title/tt0061184,,,,
65229,tt1847731,31-Mag-2023,Tomboy,Serena,Pazzia,2011,Céline Sciamma,78,FR,https://www.imdb.com/title/tt1847731,,,,
47505,tt0349995,7-Giu-2023,Prendimi l'anima,Adriana,Pazzia,2003,Roberto Faenza,89,FR; IT; GB,https://www.imdb.com/title/tt0349995,,,,
36834,tt0114702,14-Giu-2023,Poeti dall'inferno,Giuliano,Pazzia,1995,Agnieszka Holland,111,FR; BE; GB,https://www.imdb.com/title/tt0114702,,,,
674324,tt11813216,21-Giu-2023,Gli spiriti dell’isola,Jolly,-,2022,Martin McDonagh,109,IE; GB; US,https://www.imdb.com/title/tt11813216,,,,
667935,tt11697844,28-Giu-2023,Il male non esiste,Vincenzo,Deserto,2020,Mohammad Rasoulof,150,DE; IR; CZ,https://www.imdb.com/title/tt11697844,,,,
434775,tt6410564,5-Lug-2023,Il terzo omicidio,Jolly,-,2017,Hirokazu Kore-eda,125,JP,https://www.imdb.com/title/tt6410564,,,,
510,tt0073486,4-Ott-2023,Qualcuno volò sul nido del cuculo,Francesco,-,1975,Miloš Forman,133,US,https://www.imdb.com/title/tt0073486,,,,
627087,tt10189300,11-Ott-2023,Lunana: il villaggio alla fine del mondo,Adriana,-,2019,Pawo Choyning Dorji,110,BT; CN,https://www.imdb.com/title/tt10189300,,,,
238923,tt2990836,18-Ott-2023,L'arte della felicità,Serena,-,2013,Alessandro Rak,76,IT,https://www.imdb.com/title/tt2990836,,,,
588182,tt10262648,25-Ott-2023,Scompartimento n.6,Vincenzo,-,2021,Juho Kuosmanen,106,EE; FI; DE; RU,https://www.imdb.com/title/tt10262648,,,,
309299,tt3726704,8-Nov-2023,Experimenter,Francesco,-,2015,Michael Almereyda,98,US,https://www.imdb.com/title/tt3726704,,,,
1096633,tt27817584,14-Nov-2023,The Vanishing Soldier,Jolly,-,2023,Dani Rosenberg,105,IL,https://www.imdb.com/title/tt27817584,,,,
600583,tt10293406,22-Nov-2023,Il potere del cane,Serena,-,2021,Jane Campion,125,AU; CA; NZ; GB,https://www.imdb.com/title/tt10293406,,,,
205596,tt2084970,29-Nov-2023,The Imitation Game,Adriana,-,2014,Morten Tyldum,114,US,https://www.imdb.com/title/tt2084970,,,,
1058667,tt14065578,6-Dic-2023,Is There Anybody Out There?,Jolly,-,2023,Ella Glendining,87,GB,https://www.imdb.com/title/tt14065578,,,,
838148,tt8434110,13-Dic-2023,Murina,Vincenzo,-,2022,Antoneta Alamat Kusijanović,92,BR; HR; SI; US,https://www.imdb.com/title/tt8434110,,,,
517148,tt10199640,20-Dic-2023,La ragazza d'autunno,Francesco,-,2019,Kantemir Balagov,130,RU,https://www.imdb.com/title/tt10199640,,,,
976893,tt27503384,10-Gen-2024,Perfect Days,Jolly,-,2023,Wim Wenders,125,DE; JP,https://www.imdb.com/title/tt27503384,,,,
205,tt0395169,17-Gen-2024,Hotel Rwanda,Adriana,-,2004,Terry George,121,IT; ZA; GB; US,https://www.imdb.com/title/tt0395169,,,,
807196,tt11127680,24-Gen-2024,Boiling Point - Il disastro è servito,Vincenzo,-,2021,Philip Barantini,92,GB,https://www.imdb.com/title/tt11127680,,,,
9684,tt0158371,31-Gen-2024,Accordi e disaccordi,Serena,-,1999,Woody Allen,91,US,https://www.imdb.com/title/tt0158371,,,,
727012,tt12246266,7-Feb-2024,200 metri,Adriana,-,2020,Ameen Nayfeh,96,IT; JO; PS; QA; SE,https://www.imdb.com/title/tt12246266,,,,
370203,tt4716560,14-Feb-2024,La teoria svedese dell'amore,Francesco,-,2015,Erik Gandini,90,SE,https://www.imdb.com/title/tt4716560,,,,
833326,tt13482806,21-Feb-2024,Generazione Low Cost,Vincenzo,-,2022,Emmanuel Marre; Julie Lecoustre,110,BE; FR,https://www.imdb.com/title/tt13482806,,,,